{"KNearestNeighbor": {"knn_mse": 107805.83809113318}, "DecisionTree": {"dt_mse": 79919.57850742347}, "RandomForest": {"rf_mse": 73678.35814013083}}