{"dt_accuracy": {"dt_accuracy": 0.48955443178588964}, "rf_accuracy": {"rf_accuracy": 0.5586479058026372}}