{"dt_accuracy": {"dt_accuracy": 0.43722127190797266}, "rf_accuracy": {"rf_accuracy": 0.46585816144639675}}