{"tun_knn": {"knn_MSE": 59194.99215156787}, "tun_dt": {"dt_MSE": 55987.287939832895}, "tun_rf": {"rf_MSE": 54428.450910677464}}
