{"tun_knn": {"knn_MSE": 125060.79950909194}, "tun_dt": {"dt_MSE": 82606.8857492963}, "tun_rf": {"rf_MSE": 61429.29737243639}}
