{"tun_knn": {"knn_MSE": 124877.10958607562}, "tun_dt": {"dt_MSE": 121389.23964906478}, "tun_rf": {"rf_MSE": 119567.56765350203}}
