{"tun_knn": {"knn_MSE": 124860.72692392426}, "tun_dt": {"dt_MSE": 111124.76108511534}, "tun_rf": {"rf_MSE": 110182.58079078901}}
