{"tun_knn": {"knn_MSE": 125050.8217627138}, "tun_dt": {"dt_MSE": 92033.8402633499}, "tun_rf": {"rf_MSE": 85930.29150375849}}
