{"tun_knn": {"knn_MSE": 51393.895481504194}, "tun_dt": {"dt_MSE": 52046.60812812883}, "tun_rf": {"rf_MSE": 49008.28262571986}}
