{"tun_knn": {"knn_MSE": 49465.590529174464}, "tun_dt": {"dt_MSE": 53531.224529004976}, "tun_rf": {"rf_MSE": 49065.55395627635}}
