{"tun_knn": {"knn_MSE": 52641.40162393944}, "tun_dt": {"dt_MSE": 53303.65404657387}, "tun_rf": {"rf_MSE": 48087.62683517264}}
