{"tun_knn": {"knn_MSE": 52076.987775625406}, "tun_dt": {"dt_MSE": 45153.53488160002}, "tun_rf": {"rf_MSE": 43737.4972180141}}
