{"tun_knn": {"knn_MSE": 106211.23996968042}, "tun_dt": {"dt_MSE": 72583.67975527176}, "tun_rf": {"rf_MSE": 68210.83046088634}}
