{"KNearestNeighbor": {"knn_mse": 104503.48121936752}, "DecisionTree": {"dt_mse": 80466.69359002054}, "RandomForest": {"rf_mse": 77926.01985821227}}