{"tun_knn": {"knn_r2": -0.016231450210677706}, "tun_dt": {"dt_r2": 0.323847670586194}, "tun_rf": {"rf_r2": 0.4920893208284594}}