{"tun_knn": {"knn_r2": 0.5695463824310613}, "tun_dt": {"dt_r2": 0.5512881860512624}, "tun_rf": {"rf_r2": 0.5700212197590379}}