{"tun_knn": {"knn_r2": 0.025644073045281823}, "tun_dt": {"dt_r2": 0.017715540459508766}, "tun_rf": {"rf_r2": 0.0159096948860962}}