{"tun_knn": {"knn_r2": 0.030407256009405914}, "tun_dt": {"dt_r2": 0.4965293055169909}, "tun_rf": {"rf_r2": 0.5367658605976453}}