{"tun_knn": {"knn_r2": 0.5650596992188472}, "tun_dt": {"dt_r2": 0.556210864398136}, "tun_rf": {"rf_r2": 0.5637871855393275}}