{"tun_knn": {"knn_r2": 0.5650984458327624}, "tun_dt": {"dt_r2": 0.5761232309775125}, "tun_rf": {"rf_r2": 0.5938949051649348}}