{"tun_knn": {"knn_r2": 0.02771679923638881}, "tun_dt": {"dt_r2": 0.09758250867735221}, "tun_rf": {"rf_r2": 0.07989529842375614}}