{"tun_knn": {"knn_r2": 0.04801472044457844}, "tun_dt": {"dt_r2": 0.14023550411143834}, "tun_rf": {"rf_r2": 0.08930571030782816}}