{"tun_knn": {"knn_r2": 0.049117259860358364}, "tun_dt": {"dt_r2": 0.07679542279509102}, "tun_rf": {"rf_r2": 0.2995089320564508}}