{"tun_knn": {"knn_r2": -0.009766463717537421}, "tun_dt": {"dt_r2": 0.041855504217981065}, "tun_rf": {"rf_r2": 0.04960888183715079}}