{"tun_knn": {"knn_r2": 0.44092522637946496}, "tun_dt": {"dt_r2": 0.41192657920977227}, "tun_rf": {"rf_r2": 0.45228821807632624}}