{"tun_knn": {"knn_r2": 0.4118136067507182}, "tun_dt": {"dt_r2": 0.4283621144952694}, "tun_rf": {"rf_r2": 0.4918581203906739}}