{"tun_knn": {"knn_r2": 0.0008054573173840451}, "tun_dt": {"dt_r2": -0.017488667305052885}, "tun_rf": {"rf_r2": 0.03690529927028152}}