{"tun_knn": {"knn_r2": -0.009749458144967249}, "tun_dt": {"dt_r2": 0.24724604248280574}, "tun_rf": {"rf_r2": 0.3755272557860242}}