{"tun_knn": {"knn_r2": 0.3742816959969877}, "tun_dt": {"dt_r2": 0.46006529665153306}, "tun_rf": {"rf_r2": 0.4578536571295145}}