{"tun_knn": {"knn_r2": 0.0008371387103247863}, "tun_dt": {"dt_r2": 0.1559872843595242}, "tun_rf": {"rf_r2": 0.22529778369833003}}