{"tun_knn": {"knn_r2": 0.39170298038804663}, "tun_dt": {"dt_r2": 0.46165115415525326}, "tun_rf": {"rf_r2": 0.4699246012122549}}