{"dt_accuracy": {"dt_accuracy": 0.4076053573849623}, "rf_accuracy": {"rf_accuracy": 0.4197802588740541}}