{"tun_knn": {"knn_MSE": 49571.01922463429}, "tun_dt": {"dt_MSE": 52943.67219123532}, "tun_rf": {"rf_MSE": 51370.18647636166}}
