{"tun_knn": {"knn_mse": 52641.40162393944}, "tun_dt": {"dt_mse": 53303.65404657387}, "tun_rf": {"rf_mse": 48087.62683517264}}
