{"tun_knn": {"knn_mse": 49465.590529174464}, "tun_dt": {"dt_mse": 53531.224529004976}, "tun_rf": {"rf_mse": 49065.55395627635}}
