{"tun_knn": {"knn_mse": 51393.895481504194}, "tun_dt": {"dt_mse": 52046.60812812883}, "tun_rf": {"rf_mse": 49008.28262571986}}
