{"tun_knn": {"knn_mse": 59194.99215156787}, "tun_dt": {"dt_mse": 55987.287939832895}, "tun_rf": {"rf_mse": 54428.450910677464}}
