{"dt_accuracy": {"dt_accuracy": 0.45251283097208395}, "rf_accuracy": {"rf_accuracy": 0.48961013166233874}}