{"dt_accuracy": {"dt_accuracy": 0.5299962817641033}, "rf_accuracy": {"rf_accuracy": 0.570779671100708}}