{"dt_accuracy": {"dt_accuracy": 0.41950824198601216}, "rf_accuracy": {"rf_accuracy": 0.41690206738086355}}