{"tun_knn": {"knn_r2": -0.0019519031688539634}, "tun_dt": {"dt_r2": 0.256010229329964}, "tun_rf": {"rf_r2": 0.2302900957738893}}