{"tun_knn": {"knn_r2": 0.5083007163724524}, "tun_dt": {"dt_r2": 0.5744097449700948}, "tun_rf": {"rf_r2": 0.584395169714284}}