{"tun_knn": {"knn_r2": -0.0036562123660133505}, "tun_dt": {"dt_r2": 8.484290146990037e-05}, "tun_rf": {"rf_r2": 0.03601791197165097}}