{"tun_knn": {"knn_r2": -0.0020821459686337918}, "tun_dt": {"dt_r2": 0.3023503634269751}, "tun_rf": {"rf_r2": 0.35818914990478423}}