{"tun_knn": {"knn_r2": 0.5351351739647234}, "tun_dt": {"dt_r2": 0.5110778715217794}, "tun_rf": {"rf_r2": 0.5317048525705494}}