{"tun_knn": {"knn_r2": -0.002362891791028776}, "tun_dt": {"dt_r2": -0.010589216921450678}, "tun_rf": {"rf_r2": 0.0343448037245844}}