{"tun_knn": {"knn_r2": 0.525176700595129}, "tun_dt": {"dt_r2": 0.5086824310826158}, "tun_rf": {"rf_r2": 0.5490770531584613}}