{"tun_knn": {"knn_r2": 0.5325550324507567}, "tun_dt": {"dt_r2": 0.5021301456875898}, "tun_rf": {"rf_r2": 0.5153123802632452}}