{"tun_knn": {"knn_r2": 0.5974787522545414}, "tun_dt": {"dt_r2": 0.566229719906385}, "tun_rf": {"rf_r2": 0.6000012281687422}}