{"tun_knn": {"knn_r2": 0.7512963777139605}, "tun_dt": {"dt_r2": 0.998905079375236}, "tun_rf": {"rf_r2": 0.9389015647872001}}