{"tun_knn": {"knn_r2": 0.9616118405167438}, "tun_dt": {"dt_r2": 0.9995377877776442}, "tun_rf": {"rf_r2": 0.9691363895354972}}