{"tun_knn": {"knn_r2": -0.009760479841094793}, "tun_dt": {"dt_r2": 0.15699157237497194}, "tun_rf": {"rf_r2": 0.16826360945411276}}