{"tun_knn": {"knn_r2": 0.9323872589327878}, "tun_dt": {"dt_r2": 0.9991108637580184}, "tun_rf": {"rf_r2": 0.9898673221895292}}