{"tun_knn": {"knn_r2": 0.6667998241171467}, "tun_dt": {"dt_r2": 0.9985885835349024}, "tun_rf": {"rf_r2": 0.9399255018768746}}