{"tun_knn": {"knn_r2": -0.009749458144967249}, "tun_dt": {"dt_r2": 0.21571327877295055}, "tun_rf": {"rf_r2": 0.23801059309681422}}