{"tun_knn": {"knn_r2": 0.0007545239411036186}, "tun_dt": {"dt_r2": 0.18423634977411585}, "tun_rf": {"rf_r2": 0.20137063448138268}}