{"tun_knn": {"knn_r2": 0.013998572574960455}, "tun_dt": {"dt_r2": 0.24758665669109686}, "tun_rf": {"rf_r2": 0.3308596208582185}}