{"tun_knn": {"knn_r2": 0.013998572574960455}, "tun_dt": {"dt_r2": 0.27400445432190207}, "tun_rf": {"rf_r2": 0.30023911560371963}}