{"tun_knn": {"knn_r2": 0.013998572574960455}, "tun_dt": {"dt_r2": 0.25081374970508535}, "tun_rf": {"rf_r2": 0.23248727527813168}}