{"tun_knn": {"knn_r2": 0.013998572574960455}, "tun_dt": {"dt_r2": 0.1575958917377134}, "tun_rf": {"rf_r2": 0.14316222755682464}}