{"tun_knn": {"knn_r2": 0.03236719359399359}, "tun_dt": {"dt_r2": 0.3724192294275094}, "tun_rf": {"rf_r2": 0.40384633148712235}}