{"tun_knn": {"knn_r2": 0.559739308712135}, "tun_dt": {"dt_r2": 0.5545555228695067}, "tun_rf": {"rf_r2": 0.5701815590616657}}