{"tun_knn": {"knn_r2": 0.049117259860358364}, "tun_dt": {"dt_r2": 0.21918147829884063}, "tun_rf": {"rf_r2": 0.3342601128533592}}