{"tun_knn": {"knn_r2": 0.05298091036037597}, "tun_dt": {"dt_r2": 0.1837105305882085}, "tun_rf": {"rf_r2": 0.2721298207568478}}