{"tun_knn": {"knn_r2": 0.0008354876565956904}, "tun_dt": {"dt_r2": 0.11515770420615923}, "tun_rf": {"rf_r2": 0.13473637917638645}}