{"tun_knn": {"knn_r2": 0.4330884529356778}, "tun_dt": {"dt_r2": 0.49032404382645395}, "tun_rf": {"rf_r2": 0.47909857555877655}}