{"tun_knn": {"knn_r2": 0.3576822963475129}, "tun_dt": {"dt_r2": 0.4612231489194577}, "tun_rf": {"rf_r2": 0.44384597392838127}}