{"tun_knn": {"knn_r2": 0.36335932788805764}, "tun_dt": {"dt_r2": 0.5244319124246564}, "tun_rf": {"rf_r2": 0.488255151499702}}