{"tun_knn": {"knn_r2": 0.4343502201656345}, "tun_dt": {"dt_r2": 0.4594981130827342}, "tun_rf": {"rf_r2": 0.5130165446719858}}