{"tun_knn": {"knn_MSE": 50339.380078150556}, "tun_dt": {"dt_MSE": 52048.17507972006}, "tun_rf": {"rf_MSE": 47681.696682828755}}
