{"tun_knn": {"knn_MSE": 106380.89562178783}, "tun_dt": {"dt_MSE": 106396.08590099234}, "tun_rf": {"rf_MSE": 101173.98509097475}}
