{"tun_knn": {"knn_MSE": 106242.84037624553}, "tun_dt": {"dt_MSE": 102359.06303322883}, "tun_rf": {"rf_MSE": 98602.58374478335}}
