{"tun_knn": {"knn_MSE": 49312.41020249647}, "tun_dt": {"dt_MSE": 51958.104156787274}, "tun_rf": {"rf_MSE": 49753.9965139893}}
