{"tun_knn": {"knn_MSE": 106197.36701512139}, "tun_dt": {"dt_MSE": 78800.91276146781}, "tun_rf": {"rf_MSE": 81539.70124194803}}
