{"tun_knn": {"knn_mse": 125050.8217627138}, "tun_dt": {"dt_mse": 92033.8402633499}, "tun_rf": {"rf_mse": 85930.29150375849}}
