{"tun_knn": {"knn_mse": 124860.72692392426}, "tun_dt": {"dt_mse": 111124.76108511534}, "tun_rf": {"rf_mse": 110182.58079078901}}
