{"tun_knn": {"knn_mse": 124877.10958607562}, "tun_dt": {"dt_mse": 121389.23964906478}, "tun_rf": {"rf_mse": 119567.56765350203}}
