{"tun_knn": {"knn_mse": 125060.79950909194}, "tun_dt": {"dt_mse": 82606.8857492963}, "tun_rf": {"rf_mse": 61429.29737243639}}
