{"KNearestNeighbor": {"knn_mse": 90731.23346128553}, "DecisionTree": {"dt_mse": 81214.093339918}, "RandomForest": {"rf_mse": 86893.64528431458}}